Request Id,Remark,Behavior Id
CACI185-2,Request Found but not Matched,
CACI234-2,Request Found but not Matched,
CACIN001,Request Found but not Matched,
CACIN058,Request Found but not Matched,
CACIN067,Request Found but not Matched,
DBD25,Request Found and Matched,31666950
DBD43,Request Found and Matched,31666856
EXAF7,Request Found but not Matched,
EXI10,Request Found but not Matched,
FE15A,Request Found but not Matched,
FSC08,Request Found but not Matched,
MCE44,Request Found and Matched,31667110
RAC0034,Request Found and Matched,31674709
RAC0040,Request Found and Matched,31674716
RAC487-2,Request Found and Matched,31672973
UKD206,Request Found and Matched,31668195
UKD214,Request Found and Matched,31668170
UKD239,Request Found and Matched,31668150
UKD272,Request Found and Matched,31668097
UKD318,Request Found and Matched,31668105
UKD327,Request Found and Matched,31668231
UKD335,Request Found and Matched,31668224
UKD35,Request Found and Matched,31667007
UKD353,Request Found and Matched,31668259
UKD41,Request Found and Matched,31667014
